iter	MAPE	MAE
0	0.9589854901	46007738.92
1	0.9272324411	44977156.84
2	0.8964463289	44087363.97
3	0.8626788037	43034718.89
4	0.830536237	41979134.66
5	0.8032424313	41272579.9
6	0.7768497181	40313620.53
7	0.7520362736	39491019.8
8	0.728296696	38606622.9
9	0.7050047665	37928699
10	0.6820075415	37225450.46
11	0.6624196489	36547624.99
12	0.6422097942	35871634.21
13	0.6234186113	35155204.42
14	0.6032619681	34612011.81
15	0.5850074519	34105487.69
16	0.569742072	33536360.66
17	0.5526333418	33016991.43
18	0.5354865244	32483167.13
19	0.5181455056	31979932.56
20	0.5039087312	31494870.33
21	0.4882113299	31023269.51
22	0.4733080504	30552622.89
23	0.4591303832	29944380.14
24	0.4458730878	29538799.81
25	0.4335881275	29174424.03
26	0.4209389867	28790251.67
27	0.4107805505	28493937.36
28	0.3997662209	28038959.5
29	0.3893807994	27661286.58
30	0.3791470262	27260457.72
31	0.3691302038	26879226.95
32	0.359400071	26364483.79
33	0.3506095681	26015334.14
34	0.3417544298	25605994.88
35	0.3333042594	25260546.16
36	0.3260222713	24966386.55
37	0.319029004	24678188.39
38	0.311316484	24275823.85
39	0.3041223233	23890152.74
40	0.2970574956	23435268.75
41	0.2905312654	23045863.05
42	0.2852920164	22754312.06
43	0.2808383349	22559861.42
44	0.2756858623	22259521.1
45	0.2708028395	21984750.12
46	0.2672276283	21759692.81
47	0.2631437652	21533173.53
48	0.2593542521	21341942.86
49	0.2565385724	21181939.7
50	0.2526147469	20909636.1
51	0.24968229	20742281.71
52	0.2461306244	20468870.86
53	0.2448704421	20386499.99
54	0.2415400683	20124869.91
55	0.2379517759	19798610.61
56	0.2351408619	19561881.61
57	0.2319006333	19277546.43
58	0.2290946948	19017051.11
59	0.2267212498	18848950.66
60	0.2243789351	18625754.27
61	0.2227435791	18546459.72
62	0.220047998	18229348.71
63	0.2176622258	17985087.42
64	0.2155731651	17794391.89
65	0.2143401397	17702608.68
66	0.2123929544	17477593.61
67	0.2104161591	17230057.51
68	0.2084312083	16975837.26
69	0.2066354686	16747677.39
70	0.2051984725	16596448.07
71	0.2034859322	16371664.11
72	0.2022594992	16186300.89
73	0.2003943159	15974232.17
74	0.1990302897	15771039.69
75	0.1977214461	15599244.74
76	0.1963558703	15429015.59
77	0.19529433	15257683.22
78	0.1940436686	15106080.35
79	0.1928370547	14932793.32
80	0.1917557523	14806797.46
81	0.19129869	14763134.09
82	0.1903168484	14632039.81
83	0.189132958	14472791.06
84	0.1880832204	14320209.04
85	0.1872252631	14227747.47
86	0.1865848506	14095526.29
87	0.1857964085	13977826.08
88	0.1850529531	13847732.6
89	0.1841470096	13708163.25
90	0.1834169955	13594960.19
91	0.182965565	13559755.26
92	0.1822092989	13451543.28
93	0.181408842	13336231.4
94	0.1808503513	13312366.06
95	0.1800741693	13196596.3
96	0.1796792855	13158691.43
97	0.1790983062	13104209.64
98	0.1785461231	13000997.29
99	0.1779914922	12904116.9
100	0.1774465106	12821670.89
101	0.1770202868	12756982.54
102	0.1766506593	12675782.69
103	0.176231329	12604114.19
104	0.1758265941	12532727.37
105	0.175384708	12457997.02
106	0.175190109	12447150.39
107	0.1747822201	12406484.36
108	0.1742480979	12345481.58
109	0.1737047878	12274208.63
110	0.1733998644	12244013.75
111	0.1728960133	12184681.26
112	0.172509074	12118336.14
113	0.1721234695	12050763.58
114	0.1719687832	12036458.57
115	0.1715383181	11978413.14
116	0.1711327187	11908461.66
117	0.1708069264	11855098.21
118	0.1704423596	11806558.38
119	0.1701708382	11790465.07
120	0.1696338557	11731721.07
121	0.1692050162	11664492.69
122	0.1687501514	11600285.48
123	0.1683899285	11578681.19
124	0.1681118683	11522814.26
125	0.1675749799	11446308.05
126	0.1673533616	11410534.54
127	0.1668931345	11352083.88
128	0.1666410918	11319208.55
129	0.1664125606	11272150.98
130	0.1661470327	11240870.14
131	0.1658361712	11203230.98
132	0.1653752217	11131976.99
133	0.1648140122	11081642.63
134	0.1646110347	11056841.39
135	0.1643929319	11025087.84
136	0.1640553602	10980517.23
137	0.1635453237	10939013.01
138	0.1633158228	10934679.23
139	0.1629624311	10906160.87
140	0.1626911863	10887824.55
141	0.162438291	10875514.97
142	0.1620558928	10835580.09
143	0.1617572692	10805040.98
144	0.1614969612	10773219.42
145	0.1613250116	10765661.34
146	0.1609569545	10703658.41
147	0.1605490371	10635112.92
148	0.1603281529	10611343.45
149	0.1599766518	10600841.08
150	0.1598191283	10589235.11
151	0.1594262448	10540836.4
152	0.1592557998	10521093.69
153	0.1590811004	10507256.4
154	0.158823584	10490085.62
155	0.1585221697	10456747.83
156	0.1581729844	10415711.73
157	0.1577334734	10381223.07
158	0.1574783772	10342708.46
159	0.157128288	10305586.35
160	0.1567341156	10263386.8
161	0.1565564683	10234105.49
162	0.1562803422	10187956.15
163	0.1560667657	10166730.05
164	0.1558862477	10153580.07
165	0.1556679403	10124300.38
166	0.1554447815	10099128.98
167	0.1551902737	10076235.53
168	0.1549704612	10053305.87
169	0.1547334289	10046826.02
170	0.1545532969	10036773.93
171	0.1542696182	10013351.93
172	0.1541473395	9999509.499
173	0.1539029837	9978752.67
174	0.1537131232	9969313.881
175	0.153479873	9947276.777
176	0.1531748548	9929304.524
177	0.1529978724	9927249.549
178	0.1528672291	9911446.614
179	0.1526743563	9908215.74
180	0.152444917	9904484.819
181	0.1522455874	9881894.882
182	0.1519509532	9851303.19
183	0.1518154415	9839859.955
184	0.1516302712	9833342.83
185	0.1514268105	9822803.253
186	0.1509981649	9772505.979
187	0.15084509	9755700.801
188	0.1507428589	9745398.025
189	0.1505438825	9742416.859
190	0.1503535675	9737216.083
191	0.150253153	9728009.847
192	0.1500658704	9716174.876
193	0.1498457974	9711254.212
194	0.1496164427	9682409.399
195	0.1494829932	9680238.766
196	0.1493313107	9676588.987
197	0.1492118702	9674935.267
198	0.1490660162	9655200.777
199	0.1489290324	9642260.614
200	0.1487748095	9621989.828
201	0.1485516431	9600118.622
202	0.1484670603	9596285.41
203	0.1483386099	9580469.243
204	0.1481881345	9567914.071
205	0.1479761797	9540345.19
206	0.1477291227	9532037.586
207	0.1474839746	9519935.684
208	0.1473442265	9513090.917
209	0.1472512788	9511622.394
210	0.1471499367	9506351.837
211	0.1468219798	9489677.072
212	0.1466564032	9479434.066
213	0.1464949136	9471467.87
214	0.1463890432	9458634.374
215	0.1462989825	9446969.598
216	0.1461129081	9433276.046
217	0.1460100379	9429728.375
218	0.1457953399	9413313.513
219	0.1455619974	9381550.667
220	0.1454221089	9368619.73
221	0.1451702808	9363363.767
222	0.1449133527	9348279.941
223	0.14475087	9346502.006
224	0.1444636453	9333402.2
225	0.1443297473	9310359.535
226	0.1441125796	9296903.138
227	0.1439959605	9286284.185
228	0.1437848872	9273901.022
229	0.143386043	9236451.497
230	0.1432384967	9232988.52
231	0.143046765	9216034.689
232	0.1428051555	9187974.547
233	0.142693465	9170249.047
234	0.1425374694	9167402.029
235	0.1424444771	9158848.686
236	0.1423313186	9156256.645
237	0.1421468373	9149168.26
238	0.1419953137	9134653.935
239	0.1418118344	9126737.289
240	0.1417302796	9124926.123
241	0.1416037218	9120511.078
242	0.1413611926	9097636.355
243	0.141281557	9092650.008
244	0.1411196266	9083459.176
245	0.1409823944	9067458.906
246	0.1407278462	9050095.667
247	0.1405234397	9037056.044
248	0.1404321152	9027818.195
249	0.1402839273	9019728.159
250	0.1401519933	9002200.205
251	0.1400696544	8993079.968
252	0.1399525127	8980897.469
253	0.1396831925	8950075.239
254	0.1394465863	8944761.216
255	0.1391713369	8915031.131
256	0.1390934397	8909505.765
257	0.1388432552	8883145.659
258	0.138604949	8873916.555
259	0.1384725277	8870049.078
260	0.1383746048	8867212.808
261	0.1382690818	8863212.436
262	0.138143127	8854809.343
263	0.1379737459	8850078.139
264	0.1377747876	8837374.253
265	0.137588632	8809959.145
266	0.1373560711	8791878.651
267	0.1372450662	8789400.771
268	0.1371301733	8781344.39
269	0.136991798	8774548.719
270	0.1368764349	8773171.406
271	0.1367530594	8756483.354
272	0.1366271286	8745327.764
273	0.1364841728	8723911.403
274	0.136346854	8708168.253
275	0.1362675089	8706345.772
276	0.1361008516	8677841.519
277	0.1359688681	8666997.555
278	0.1358705236	8661816.169
279	0.1357740668	8656168.608
280	0.1356966493	8650888.987
281	0.1355762757	8644530.587
282	0.1354686054	8640550.694
283	0.1353368369	8630681.509
284	0.1351925439	8620097.391
285	0.135105391	8607998.388
286	0.1349874449	8601683.874
287	0.1348924553	8595205.141
288	0.1347352928	8583945.42
289	0.1344760843	8558764.266
290	0.134347836	8552281.594
291	0.1340631924	8544532.845
292	0.1340257988	8541066.701
293	0.1339249922	8535645.57
294	0.1338126636	8529675.979
295	0.1337300113	8525147.799
296	0.1336024407	8522871.203
297	0.1335513572	8520141.903
298	0.1334358019	8515098.848
299	0.1333680204	8510231.256
300	0.1332368504	8498115.596
301	0.1331416016	8494156.061
302	0.1330820518	8491073.836
303	0.1330344127	8486303.76
304	0.1329260864	8470908.484
305	0.1327959369	8468222.602
306	0.1327365182	8463290.496
307	0.132554549	8446493.982
308	0.1323671855	8425996.811
309	0.1321786433	8414354.183
310	0.1320593641	8406887.666
311	0.1319441875	8400051.079
312	0.1317752277	8386877.072
313	0.1317063249	8381671.954
314	0.1315947206	8371877.6
315	0.1314429531	8360591.031
316	0.1312217372	8349321.354
317	0.1310536423	8338935.365
318	0.1308680378	8323852.423
319	0.1307339954	8318971.709
320	0.1306400105	8316517.577
321	0.1304438144	8303065.9
322	0.1303576435	8300744.218
323	0.1302182135	8289735.789
324	0.1301593273	8283526.902
325	0.1300362474	8281159.832
326	0.1299121456	8275393.145
327	0.1298079766	8270044.757
328	0.1296161782	8261783.52
329	0.1294727477	8259232.466
330	0.1294232287	8253904.08
331	0.1290958347	8220162.522
332	0.129009938	8207753.581
333	0.1289451422	8197988.967
334	0.1287275393	8187183.31
335	0.1284754708	8165917.523
336	0.1283727748	8162554.247
337	0.1282100179	8158227.967
338	0.1280913607	8155469.443
339	0.1278555664	8146318.19
340	0.1277144452	8143263.537
341	0.1275715821	8139497.974
342	0.1273960345	8132658.69
343	0.1272183575	8126155.104
344	0.127124701	8124296.226
345	0.126889337	8117489.784
346	0.1267629737	8115085.18
347	0.1266194815	8107420.639
348	0.126512055	8104990.777
349	0.1262785652	8091660.008
350	0.1261626747	8083944.693
351	0.1260459556	8076996.648
352	0.1259309155	8073438.314
353	0.1258166756	8065764.986
354	0.1257012186	8060990.141
355	0.1255737496	8057963.908
356	0.1253754862	8036466.8
357	0.1252384771	8032899.069
358	0.1251601592	8022443.247
359	0.1250687007	8017029.603
360	0.1250008514	8014535.169
361	0.1248654654	8010928.924
362	0.1247328127	7993794.388
363	0.1244462097	7960262.621
364	0.1243321592	7956703.197
365	0.1242280415	7952535.908
366	0.12399713	7931903.283
367	0.1239408615	7929295.854
368	0.1238078869	7926231.332
369	0.1237220432	7924174.432
370	0.1234951104	7904906.617
371	0.1234561825	7901565.295
372	0.1233754122	7896720.216
373	0.1232170804	7889925.93
374	0.1230564545	7885038.152
375	0.1228055375	7863470.594
376	0.1226529998	7856745.377
377	0.1224553047	7853396.125
378	0.1223983073	7852022.287
379	0.1222119753	7841871.356
380	0.1221339858	7839126.695
381	0.1220353674	7834257.569
382	0.121921688	7829573.325
383	0.1217801661	7825112.321
384	0.1215004271	7808149.899
385	0.1213680051	7801861.056
386	0.1212164959	7790817.535
387	0.1211462609	7789151.903
388	0.1211086089	7788561.516
389	0.1209862549	7781632.9
390	0.1208899884	7780132.712
391	0.1207641716	7776967.226
392	0.1206464812	7774828.394
393	0.1205597858	7769407.796
394	0.1204861196	7767372.348
395	0.1203814254	7763894.017
396	0.1201588722	7747444.622
397	0.1200651696	7745223.679
398	0.1200146171	7742130.899
399	0.1199130267	7739935.365
400	0.119874096	7739160.838
401	0.1197475847	7734421.384
402	0.1195369751	7728447.703
403	0.1194446327	7726977.223
404	0.1193667095	7720555.087
405	0.1193124175	7718916.805
406	0.1191494652	7711583.978
407	0.1189907819	7702464.168
408	0.1189013581	7698719.898
409	0.1188005985	7689881.449
410	0.1186917614	7686183.716
411	0.1185793471	7682907.235
412	0.1184448082	7679355.585
413	0.1183163151	7676241.66
414	0.1182946622	7674926.78
415	0.1181393999	7669961.844
416	0.117998262	7658691.31
417	0.1179138804	7655855.095
418	0.1178247138	7651096.858
419	0.1177039073	7647644.893
420	0.1176630705	7646973.726
421	0.1175381521	7638409.964
422	0.1174145725	7629399.927
423	0.1172264327	7621278.162
424	0.1171226471	7615838.283
425	0.1170027923	7611944.109
426	0.1169178908	7610861.795
427	0.1168231402	7608337.989
428	0.1165514758	7572358.898
429	0.1165122754	7571182.384
430	0.1164115733	7567057.276
431	0.1163354288	7560155.01
432	0.1161692616	7548520.327
433	0.1160226588	7533275.997
434	0.1158632212	7520330.819
435	0.115743784	7517201.708
436	0.1156784758	7516051.309
437	0.1155749227	7512729.993
438	0.115467421	7510835.909
439	0.1153959085	7508768.671
440	0.1153199433	7506966.024
441	0.1152666219	7505911.21
442	0.1151996025	7503491.909
443	0.1150631364	7500101.526
444	0.1149505217	7493877.407
445	0.1147401709	7466905.208
446	0.1146044526	7461537.301
447	0.1144197932	7446226.642
448	0.1143962848	7444371.421
449	0.1142678016	7439482.475
450	0.1142146329	7428052.356
451	0.1141253242	7426124.71
452	0.1140024397	7413818.031
453	0.1139042687	7412257.291
454	0.1137563462	7399300.424
455	0.113694515	7397150.639
456	0.1136349845	7396022.951
457	0.1135649338	7394021.327
458	0.1135305757	7390728.182
459	0.1134174356	7386345.364
460	0.1133506998	7374414.923
461	0.1133232475	7373025.565
462	0.1132566277	7371003.512
463	0.1131865954	7368427.631
464	0.1131151929	7365707.383
465	0.1130163461	7362087.858
466	0.1128613358	7357502.275
467	0.1128036502	7356053.82
468	0.1127655307	7354915.097
469	0.1126205901	7352417.679
470	0.1125676641	7348227.742
471	0.1125026782	7345288.32
472	0.1124586005	7340053.015
473	0.1123976993	7338855.655
474	0.1123565662	7336423.89
475	0.1123079163	7329944.339
476	0.1122711119	7328825.893
477	0.1121742264	7321301.975
478	0.11205976	7314350.991
479	0.1119023918	7299408.734
480	0.1118635425	7292998.532
481	0.1117077865	7279610.463
482	0.1115903823	7275245.549
483	0.1115281725	7273092.371
484	0.1114530809	7257495.812
485	0.1113432628	7252293.807
486	0.1112973628	7239904.068
487	0.1111999491	7236012.012
488	0.1110923569	7232787.234
489	0.1109519332	7221017.585
490	0.1109125131	7216870.145
491	0.1108085099	7214749.496
492	0.1107473489	7213580.162
493	0.1107000611	7210253.471
494	0.1106501164	7209411.969
495	0.1106130576	7204035.558
496	0.1104373061	7184632.63
497	0.1103694354	7183185.882
498	0.1103307513	7181317.347
499	0.1102121815	7177136.735
500	0.1101129724	7170774.122
501	0.1100279421	7167488.58
502	0.109891485	7154547.453
503	0.1098439701	7153227.948
504	0.1097279094	7145216.215
505	0.1095970907	7133265.001
506	0.1095599139	7132567.737
507	0.1094242913	7129619.819
508	0.1093334614	7123305.463
509	0.1092020017	7100115.036
510	0.1090826445	7096874.887
511	0.1090378267	7094791.742
512	0.1089927811	7080250.442
513	0.1088819375	7073053.508
514	0.1088433762	7071479.497
515	0.1087428422	7065392.28
516	0.1086449585	7062432.79
517	0.1085349711	7057400.552
518	0.1085015519	7056541.032
519	0.1084286979	7052159.372
520	0.1083494996	7050570.358
521	0.108251223	7046643.224
522	0.1082109696	7046235.073
523	0.1081469563	7044727.635
524	0.1080681487	7042158.732
525	0.1080220263	7041204.513
526	0.1079269344	7039277.901
527	0.1078273348	7036277.551
528	0.1077676855	7035268.572
529	0.1076899597	7031765.504
530	0.1075881959	7029885.431
531	0.1075452858	7028925.15
532	0.107487648	7027897.901
533	0.107390388	7022428.188
534	0.1073247643	7020775.363
535	0.1071748303	7013098.364
536	0.1070847351	7011776.957
537	0.1070373363	7009722.894
538	0.1069284168	7005397.154
539	0.106878678	7004502.073
540	0.1068188664	7003192.45
541	0.1067395111	7001040.967
542	0.1067139856	7000556.132
543	0.1066600655	6999519.79
544	0.1065984205	6998334.369
545	0.1065669523	6997982.914
546	0.1065298616	6995564.028
547	0.1064573033	6993075.183
548	0.1064182752	6992370.993
549	0.1063636941	6991113.739
550	0.1063189216	6989467.105
551	0.1062535172	6985445.033
552	0.1061975521	6983753.66
553	0.1061649835	6983136.501
554	0.1061042113	6981746.631
555	0.1060485166	6980571.363
556	0.1060187124	6979124.637
557	0.1059405921	6976687.602
558	0.1058643728	6975379.889
559	0.1058187975	6973619.129
560	0.1057820879	6969348.977
561	0.1057366065	6968791.875
562	0.1056304072	6965791.937
563	0.1055425426	6963796.611
564	0.105443959	6959737.029
565	0.1053482129	6955528.621
566	0.1053107186	6953128.495
567	0.1052130163	6947902.203
568	0.1051961083	6947131.816
569	0.105179647	6946843.238
570	0.1051079827	6944323.322
571	0.105050788	6940880.045
572	0.1050339383	6940299.873
573	0.1049634924	6934940.234
574	0.1048816832	6930331.293
575	0.1048491924	6929761.059
576	0.1047754024	6927747.27
577	0.1046749652	6918959.807
578	0.1046582437	6918306.257
579	0.1045829034	6915454.65
580	0.1045355792	6909388.61
581	0.104500427	6908067.252
582	0.1044710557	6906655.762
583	0.1044410857	6904709.154
584	0.1043808442	6902944.664
585	0.1043560373	6900096.709
586	0.1043124839	6894586.994
587	0.1042184666	6892156.499
588	0.104130056	6884849.599
589	0.1041030532	6884120.142
590	0.104007687	6877586.454
591	0.1039991	6877024.224
592	0.1039403138	6870717.95
593	0.1038530086	6868281.143
594	0.1038231204	6867565.756
595	0.1037751972	6866144.27
596	0.1037485792	6865351.927
597	0.1037092059	6861757.674
598	0.1036869977	6861038.788
599	0.1036445925	6858330.983
600	0.1035891752	6855930.59
601	0.1035589639	6854806.648
602	0.1034058403	6849186.996
603	0.1033698746	6846379.114
604	0.1032769307	6843844.592
605	0.1032298625	6841065.985
606	0.1031761882	6840274.57
607	0.103087079	6835684.038
608	0.1030282241	6834564.445
609	0.1029658365	6822815.115
610	0.102900191	6819352.865
611	0.1028662843	6818381.137
612	0.1028450597	6815766.115
613	0.1027755977	6812714.695
614	0.1027317093	6811348.897
615	0.1026860604	6809183.486
616	0.102551755	6800521.087
617	0.102498007	6799440.577
618	0.1024109128	6786367.485
619	0.1023559133	6784737.669
620	0.102284712	6783558.516
621	0.1022166766	6778712.002
622	0.1020989904	6775237.476
623	0.1020517878	6773671.129
624	0.1019030382	6764059.494
625	0.1017996056	6757640.546
626	0.1017288475	6755082.154
627	0.1016171028	6751648.163
628	0.1015148053	6742504.238
629	0.1014795457	6737761.428
630	0.1014258667	6729299.407
631	0.1013544121	6726311.692
632	0.101289569	6724542.06
633	0.1012307359	6720239.911
634	0.1012043942	6718081.176
635	0.1011541409	6716561.002
636	0.1010619874	6710360.319
637	0.1010235164	6709393.849
638	0.1009717482	6708110.028
639	0.1009199974	6706123.849
640	0.1008591644	6704528.155
641	0.1007960919	6701321.913
642	0.1007809183	6701049.702
643	0.1006726939	6698458.983
644	0.1006271759	6694134.808
645	0.1005911177	6692971.922
646	0.1005527619	6692058.124
647	0.100503701	6688710.628
648	0.1004695331	6686713.963
649	0.100427847	6685467.705
650	0.1003082401	6670502.203
651	0.1002426608	6667628.684
652	0.1001959777	6662509.453
653	0.100125606	6658389.279
654	0.1000283783	6654147.428
655	0.100005173	6653354.171
656	0.09973928451	6620655.877
657	0.09973123606	6620474.07
658	0.099692495	6619579.869
659	0.09961559685	6617879.903
660	0.09956899791	6616817.499
661	0.09943713961	6608539.405
662	0.09930211504	6590980.314
663	0.09922828034	6587987.108
664	0.09910213816	6579743.831
665	0.09905720983	6578633.205
666	0.09894410185	6572959.599
667	0.09887867609	6570203.113
668	0.09873678396	6566487.343
669	0.09860939965	6562774.253
670	0.09853595759	6560578.354
671	0.0983717667	6541580.071
672	0.0983072473	6539978.586
673	0.09821778125	6538211.344
674	0.09815896863	6537208.882
675	0.09813032619	6535639.887
676	0.09805215501	6533495.238
677	0.09789104294	6517662.617
678	0.0978625	6512056.488
679	0.09782743263	6511097.709
680	0.09777326754	6508894.98
681	0.09773932433	6505383.925
682	0.09769079633	6502523.115
683	0.09766144455	6501722.097
684	0.09759499226	6498284.794
685	0.09756838052	6497191.173
686	0.09748098959	6493960.829
687	0.09738202018	6488667.643
688	0.09730521133	6484765.637
689	0.09727597217	6484365.204
690	0.09721226684	6481685.925
691	0.09715118284	6478613.052
692	0.09707887658	6476118.661
693	0.09702524558	6472990.206
694	0.09696777335	6471829.853
695	0.0968917777	6470437.527
696	0.09686663651	6469840.357
697	0.09683063603	6469166.854
698	0.09675410222	6467743.139
699	0.0967130546	6464756.631
700	0.09667351989	6462356.766
701	0.09659520501	6459595.686
702	0.09649991756	6456156.654
703	0.09642138769	6450914.828
704	0.09638222072	6450022.232
705	0.09632035268	6445433.385
706	0.09624291935	6443450.46
707	0.09620141646	6442433.751
708	0.09619073345	6442112.468
709	0.09613956308	6440367.235
710	0.09603791571	6435224.429
711	0.09600413846	6433631.018
712	0.09593710674	6432281.383
713	0.09590753965	6431489.981
714	0.09586592044	6429918.107
715	0.09579272619	6428146.582
716	0.09574248424	6421256.891
717	0.09570453504	6412535.209
718	0.09566740661	6411975.375
719	0.0956507482	6411584.833
720	0.09556813731	6408064.898
721	0.09546250179	6403961.531
722	0.09536627232	6401079.801
723	0.09531869356	6398722.84
724	0.09529839886	6398412.095
725	0.09517984017	6393327.834
726	0.09514264301	6392855.382
727	0.09509016591	6391917.438
728	0.09507064689	6391355.062
729	0.09501510753	6389916.451
730	0.09494789407	6378257.756
731	0.09487639613	6376533.143
732	0.09482213049	6375281.62
733	0.09477616648	6374345.689
734	0.0947208315	6372260.663
735	0.09465254497	6368715.22
736	0.09454188889	6352531.52
737	0.09441975702	6348531.842
738	0.09437518876	6346908.897
739	0.09431958012	6345310.491
740	0.09427527429	6344331.198
741	0.09421581629	6342147.521
742	0.09420458812	6341926.693
743	0.09413196444	6339151.373
744	0.0940994925	6338453.183
745	0.09406015662	6337573.697
746	0.09403330585	6336818.029
747	0.09399984158	6335635.562
748	0.09396802803	6334211.912
749	0.0939215611	6330142.977
750	0.09390351677	6328934.683
751	0.09377080966	6301187.688
752	0.09371235878	6299154.467
753	0.09359001183	6294773.911
754	0.09354929711	6294037.759
755	0.09345869733	6290625.678
756	0.09343685062	6290225.736
757	0.09341419659	6289655.908
758	0.09340042932	6288712.413
759	0.09333217753	6273832.691
760	0.09328231202	6273010.874
761	0.09322089079	6267227.215
762	0.0931866995	6266412.169
763	0.09315343089	6265921.699
764	0.09312874578	6265452.707
765	0.09311017801	6264995.889
766	0.09309132558	6264115.114
767	0.09306117119	6262124.995
768	0.09302500674	6259263.007
769	0.09298915044	6258069.258
770	0.09293272433	6256109.509
771	0.0929061864	6252608.101
772	0.09281397693	6250333.935
773	0.09278120231	6246015.874
774	0.09277142594	6245862.351
775	0.09268855941	6243637.826
776	0.09263666787	6241562.56
777	0.09259601997	6238881.011
778	0.0925520995	6237016.468
779	0.09250187119	6235795.917
780	0.09247743313	6235323.09
781	0.0924124188	6233618.029
782	0.09230461228	6227811.239
783	0.09226278117	6226063.355
784	0.09221710208	6223863.927
785	0.09208339459	6213039.262
786	0.09202986187	6210634.703
787	0.09196023796	6203029.503
788	0.09192460044	6201914.284
789	0.09189299804	6200003.954
790	0.09187199005	6199574.752
791	0.09184089776	6198897.459
792	0.09183005672	6198231.108
793	0.09176285295	6189842.61
794	0.091717664	6186979.336
795	0.09166662416	6182801.695
796	0.09153633129	6179406.279
797	0.0913781551	6162999.507
798	0.0913560789	6162507.512
799	0.09133579235	6161306.987
800	0.09131566641	6160302.68
801	0.09128197424	6159242.591
802	0.091220072	6154923.357
803	0.09116429075	6152385.582
804	0.09113115328	6147668.831
805	0.09109657528	6147112.011
806	0.09107859783	6146117.515
807	0.09101429424	6144551.297
808	0.09100250024	6144128.746
809	0.09098182903	6143729.195
810	0.09096954888	6143068.189
811	0.09095088971	6142699.542
812	0.09093830309	6142122.552
813	0.09084751774	6132634.524
814	0.0908065983	6130147.119
815	0.09078247887	6129774.384
816	0.09075536635	6129518.923
817	0.09072920226	6128473.759
818	0.09071524553	6127326.52
819	0.09070182016	6125918.469
820	0.09069338345	6125804.713
821	0.09060258554	6123729.932
822	0.09058938949	6123420.134
823	0.09055852934	6122231.314
824	0.09051915406	6120677.467
825	0.09051069422	6119092.666
826	0.09047894096	6118002.271
827	0.09045965754	6116810.915
828	0.09042906872	6116405.43
829	0.09040788073	6115449.131
830	0.09035202787	6111234.232
831	0.09030587041	6109278.632
832	0.09024166248	6104279.776
833	0.09023554045	6104003.418
834	0.09016021696	6096393.343
835	0.09011846624	6091445.381
836	0.09007818248	6089654.06
837	0.09003739551	6088601.312
838	0.09001490757	6086913.713
839	0.08997056237	6086040.478
840	0.08992458195	6080254.429
841	0.08989748481	6078846.121
842	0.08984244968	6076512.046
843	0.08979702759	6075655.921
844	0.08976340093	6070581.669
845	0.08972937113	6068931.706
846	0.08970816653	6068525.981
847	0.08967235804	6067762.351
848	0.08965126488	6066645.892
849	0.0896105485	6062567.563
850	0.08952691084	6058427.291
851	0.08946229156	6054552.356
852	0.08935497421	6045848.571
853	0.08927162554	6036954.964
854	0.08913404367	6023196.318
855	0.08908841537	6021432.837
856	0.08904494228	6020489.964
857	0.08900385301	6018684.881
858	0.08895650237	6016644.634
859	0.08891263652	6016018.535
860	0.08884408116	6014261.493
861	0.08883701117	6014099.641
862	0.08879412759	6009920.287
863	0.08866361757	5993040.841
864	0.0886185278	5991785.7
865	0.08860040914	5990573.301
866	0.0885453281	5988183.861
867	0.08852560005	5987847.893
868	0.08849741202	5987364.975
869	0.0883818036	5983364.421
870	0.08834320119	5981667.616
871	0.0882787628	5978583.123
872	0.08817987958	5974978.92
873	0.0881156308	5970645.584
874	0.08809071701	5970076.482
875	0.08805552346	5969412.716
876	0.08801743648	5966822.455
877	0.08798346635	5966403.83
878	0.08792749688	5965362.173
879	0.08790891311	5964922.055
880	0.08783961374	5963153
881	0.08779706146	5962307.664
882	0.08770241894	5959139.912
883	0.08763330453	5957290.115
884	0.08761552594	5957006.206
885	0.08758933527	5956486.9
886	0.08754442874	5955431.696
887	0.08751344299	5954616.88
888	0.08749462958	5954290.571
889	0.08747217297	5953543.735
890	0.08734812571	5942561.929
891	0.08730699798	5941704.936
892	0.08728760038	5940998.887
893	0.08725968598	5940547.021
894	0.0872351077	5940172.568
895	0.0872092271	5939640.434
896	0.08717090208	5936137.266
897	0.08708650036	5934062.645
898	0.08706786908	5933800.31
899	0.08702819804	5933282.975
900	0.0869917509	5932212.491
901	0.08694218193	5927835.861
902	0.08689688493	5926609.41
903	0.08685419326	5925320.019
904	0.08679965979	5923618.259
905	0.08679937528	5923606.139
906	0.08678955458	5922259.19
907	0.08677530719	5921914.704
908	0.08673015276	5921137.138
909	0.08669841513	5919847.187
910	0.08663299489	5915525.212
911	0.08659294685	5911363.81
912	0.08657843169	5909862.457
913	0.08648091723	5906184.068
914	0.08646568349	5903969.11
915	0.08639250122	5895457.543
916	0.0863701174	5894643.917
917	0.08634796829	5894320.417
918	0.08630273448	5891181.692
919	0.08627440701	5887221.254
920	0.08625264381	5886460.3
921	0.08621509229	5883721.856
922	0.08616557446	5882721.352
923	0.08615017926	5879427.938
924	0.08613311797	5878906.439
925	0.08611421799	5878261.047
926	0.08610239723	5878089.529
927	0.08607775481	5877127.22
928	0.08603326628	5876446.51
929	0.08598205798	5875320.926
930	0.08597795882	5875064.025
931	0.0859625874	5874734.953
932	0.08591937575	5865396.738
933	0.08583885086	5855680.043
934	0.08581216058	5854818.312
935	0.08580624064	5854513.413
936	0.08574485339	5848690.383
937	0.08571110678	5847506.755
938	0.08568837947	5846639.906
939	0.08567206722	5845676.275
940	0.08565643821	5845520.173
941	0.08564831692	5845314.125
942	0.08561758897	5844827.889
943	0.0856208609	5843248.862
944	0.0855571358	5841353.02
945	0.08554190363	5840704.056
946	0.08552232873	5839936.669
947	0.08550910076	5839061.783
948	0.08550746035	5839031.598
949	0.08548503597	5838336.61
950	0.08545028485	5834216.237
951	0.08543665608	5833938.581
952	0.08539564502	5831892.586
953	0.08538665644	5831673.934
954	0.08537325639	5830274.769
955	0.08534412131	5829652.562
956	0.08517770132	5809943.895
957	0.08512320395	5807934.331
958	0.08508149101	5806826.671
959	0.08500456342	5804420.607
960	0.08498323356	5803851.693
961	0.08492984989	5802621.79
962	0.08478407228	5791860.206
963	0.0847417934	5791112.786
964	0.08469000892	5789132.081
965	0.08463964946	5785932.691
966	0.08459850927	5780414.245
967	0.08457789249	5780088.385
968	0.08454896033	5776058.31
969	0.08449437986	5773393.916
970	0.08445295597	5771559.728
971	0.08442827326	5771070.792
972	0.08441244211	5770649.548
973	0.08438230106	5765861.007
974	0.08436068998	5765151.135
975	0.08432331528	5763787.116
976	0.0842494373	5762264.607
977	0.08420664363	5760757.687
978	0.08416781185	5759857.753
979	0.08414279572	5759420.336
980	0.08408912018	5756622.067
981	0.08405075006	5755402.626
982	0.08401466703	5754076.388
983	0.08399342928	5753090.763
984	0.08394664932	5749532.917
985	0.08392461757	5749094.987
986	0.08389180662	5748583.242
987	0.08386179752	5747311.246
988	0.08383653432	5746646.414
989	0.08375292577	5743538.635
990	0.08369848879	5740206.744
991	0.08363741543	5738363.16
992	0.08359476977	5736915.964
993	0.0835669941	5736529.135
994	0.08356131217	5736373.162
995	0.08352134092	5735091.759
996	0.08346992346	5732117.614
997	0.08341247244	5726561.462
998	0.08338881817	5725322.808
999	0.08336104237	5723632.054
1000	0.08334603316	5723181.755
1001	0.08327740954	5715732.907
1002	0.0832466895	5715126.3
1003	0.0831973822	5712509.873
1004	0.08317014673	5712028.972
1005	0.0831119913	5709456.066
1006	0.08305318197	5707836.776
1007	0.08301927304	5706388.465
1008	0.08299518128	5705193.906
1009	0.08297326154	5704481.6
1010	0.08296606016	5703510.774
1011	0.08294560365	5700261.074
1012	0.08291129341	5697457.199
1013	0.08286614113	5696473.123
1014	0.08284119923	5695483.716
1015	0.08280489123	5693543.491
1016	0.08276713546	5691249.634
1017	0.08273452239	5690352.36
1018	0.08265773935	5683038.295
1019	0.08259874503	5679909.602
1020	0.08257329521	5679234.262
1021	0.08250113219	5672970.392
1022	0.08249507118	5672801.478
1023	0.08246756812	5669356.186
1024	0.08244741931	5668062.734
1025	0.08241853571	5666892.007
1026	0.08238018814	5665081.803
1027	0.0823712318	5664934.968
1028	0.08233041314	5663670.461
1029	0.08228494023	5661971.917
1030	0.0822055945	5659776.619
1031	0.08218869194	5657446.397
1032	0.08215217956	5654884.72
1033	0.08211060704	5649264.377
1034	0.08207665217	5646944.878
1035	0.08204737502	5641618.116
1036	0.08203045525	5639747.682
1037	0.08201729337	5639235.235
1038	0.08201344056	5638886.539
1039	0.08196204623	5637680.575
1040	0.08193244644	5636942.907
1041	0.08190346757	5634819.685
1042	0.08189783598	5634170.106
1043	0.08188763787	5633727.65
1044	0.08188047464	5633148.18
1045	0.08186795511	5632324.737
1046	0.08180795035	5627940.726
1047	0.0818013883	5627744.372
1048	0.08179376135	5627587.096
1049	0.08177728226	5627430.98
1050	0.08175234846	5626089.184
1051	0.08173560593	5624305.889
1052	0.08171612641	5623714.644
1053	0.08169492347	5623200.441
1054	0.08162812802	5616088.355
1055	0.08161015888	5615813.055
1056	0.08156926938	5612903.25
1057	0.08154083983	5611598.923
1058	0.08153849751	5611566.456
1059	0.08152114487	5610991.4
1060	0.08148024521	5607760.781
1061	0.08135235746	5597076.592
1062	0.08132082559	5596051.88
1063	0.08130686797	5594759.367
1064	0.08128325062	5591257.279
1065	0.08126749788	5590942.756
1066	0.08123525608	5590075.788
1067	0.08118955601	5580220.48
1068	0.08117294408	5579894.8
1069	0.08114768136	5579303.494
1070	0.08113048501	5578877.812
1071	0.08109924128	5578230.743
1072	0.08103269635	5569115.779
1073	0.08101470157	5568781.297
1074	0.08100344002	5567835.338
1075	0.08096861069	5563663.66
1076	0.08091444012	5556136.637
1077	0.08089726302	5554917.785
1078	0.08088684728	5554682.119
1079	0.08086449101	5554423.72
1080	0.08084031236	5552002.668
1081	0.08082596759	5551354.942
1082	0.08078917184	5549149.096
1083	0.08077924107	5548979.822
1084	0.08075599212	5546293.399
1085	0.08074098219	5545734.755
1086	0.08072236241	5544851.792
1087	0.08070085181	5544414.329
1088	0.08068705976	5542798.658
1089	0.08067045622	5541639.829
1090	0.0805943595	5536808.476
1091	0.08057539673	5536499.034
1092	0.08053735785	5534999.423
1093	0.08052143071	5534723.225
1094	0.08050639736	5534365.644
1095	0.08049057119	5534066.214
1096	0.08045659261	5533316.859
1097	0.08045002092	5533252.483
1098	0.08040668545	5532640.43
1099	0.08039904409	5532560.798
1100	0.08038270585	5531954.78
1101	0.08037201839	5531642.857
1102	0.08036869497	5531435.659
1103	0.08034925595	5530801.329
1104	0.08034230155	5530656.711
1105	0.08031112555	5529411.836
1106	0.08028488956	5528598.497
1107	0.08021401806	5524559.904
1108	0.08017684326	5523121.721
1109	0.0801065189	5513558.433
1110	0.08009244254	5509715.053
1111	0.08005048774	5509198.692
1112	0.08003097541	5508463.866
1113	0.0799573993	5506580.826
1114	0.07993685526	5506161.815
1115	0.0798680994	5497548.954
1116	0.07985189833	5497227.566
1117	0.07975490346	5481255.297
1118	0.07972718678	5480660.27
1119	0.07968572499	5479232.968
1120	0.07966580836	5478595.919
1121	0.07963828142	5475760.982
1122	0.07962113821	5475316.255
1123	0.07959031497	5471025.176
1124	0.07958242788	5470805.289
1125	0.07951664057	5468720.182
1126	0.07949810194	5466079.88
1127	0.07948783344	5465893.757
1128	0.07947622922	5465496.099
1129	0.07945953167	5464884.573
1130	0.07945465265	5464748.907
1131	0.0794518319	5464717.325
1132	0.07944134859	5464376.184
1133	0.07943485067	5463577.325
1134	0.07942611537	5463373.365
1135	0.0793914469	5461281.517
1136	0.0793545695	5457796.995
1137	0.07931661316	5456374.072
1138	0.07926900137	5453068.899
1139	0.0792543082	5452417.633
1140	0.07922858063	5451791.039
1141	0.07920252234	5451010.523
1142	0.07918808702	5450456.175
1143	0.07917359673	5450198.196
1144	0.07913081912	5448353.885
1145	0.07911545987	5448003.909
1146	0.07905501355	5443634.75
1147	0.07902610118	5442482.23
1148	0.07901477025	5441805.712
1149	0.07901116072	5441671.774
1150	0.07900607451	5440451.764
1151	0.07899192857	5440069.425
1152	0.07894908126	5434783.49
1153	0.07893794079	5434541.632
1154	0.07892707342	5434135.3
1155	0.07889888963	5433619.984
1156	0.07889035921	5433343.933
1157	0.07882461969	5430917.676
1158	0.0788004707	5430259.478
1159	0.0787857584	5429991.311
1160	0.07877012344	5429808.102
1161	0.07875274085	5428683.086
1162	0.07874324205	5428485.177
1163	0.07873888077	5428414.638
1164	0.07872268215	5428113.01
1165	0.07871009269	5427087.259
1166	0.07869549589	5426618.055
1167	0.07867780525	5424567.394
1168	0.07866209654	5423026.137
1169	0.0786512611	5422785.159
1170	0.07862130448	5422126.4
1171	0.0786183644	5422079.794
1172	0.07859375809	5419689.295
1173	0.078586224	5419421.928
1174	0.07857597765	5419237.297
1175	0.07856737643	5418932.705
1176	0.07854150128	5418178.575
1177	0.07852873663	5417851.257
1178	0.07846390737	5414802.342
1179	0.07844912514	5414500.909
1180	0.07843286694	5414058.432
1181	0.07842252196	5413876.344
1182	0.07839445602	5412343.636
1183	0.07838978344	5412290.588
1184	0.07836306672	5411386.642
1185	0.07834404918	5411065.446
1186	0.07833659981	5410880.933
1187	0.07831891823	5409908.528
1188	0.0782900004	5408899.071
1189	0.07825542341	5407324.472
1190	0.07823270039	5406892.81
1191	0.0782137448	5406614.024
1192	0.07818407842	5404984.127
1193	0.07816740943	5404255.859
1194	0.07814638705	5403789.364
1195	0.07814408706	5403756.965
1196	0.07810750168	5402578.125
1197	0.07807630427	5401426.271
1198	0.07805703968	5400756.394
1199	0.07802890081	5398918.461
1200	0.07801110117	5398253.52
1201	0.07799369389	5397847.682
1202	0.07798236786	5397681.513
1203	0.07796361811	5396966.959
1204	0.07793211483	5393994.175
1205	0.07790527034	5390581.196
1206	0.07788674502	5390179.589
1207	0.07787938425	5390044.631
1208	0.07786276782	5389362.509
1209	0.07784711413	5389201.647
1210	0.07782390553	5388347.118
1211	0.07780558069	5384466.324
1212	0.07778147989	5380344.292
1213	0.07776299073	5379801.833
1214	0.07775477025	5379538.019
1215	0.0777180561	5377804.415
1216	0.07763651337	5373759.948
1217	0.0775689132	5367292.506
1218	0.0775359112	5366087.042
1219	0.0774983199	5361946.635
1220	0.07745787758	5355892.81
1221	0.07744751473	5355698.669
1222	0.07742480727	5353029.499
1223	0.07739345317	5351057.437
1224	0.07737251614	5350450.729
1225	0.07735021333	5350022.301
1226	0.07732732965	5349605.262
1227	0.07729951896	5348285.624
1228	0.07727486057	5346384.41
1229	0.07726647977	5346218.128
1230	0.07725869986	5345971.997
1231	0.07723662504	5345053.473
1232	0.07721643409	5344644.702
1233	0.07716963152	5341870.556
1234	0.0771397007	5340882.131
1235	0.0770882001	5332128.941
1236	0.07706103059	5331355.649
1237	0.07703853312	5330756.337
1238	0.07702681206	5328836.848
1239	0.07696859654	5323320.737
1240	0.07694200373	5321758.37
1241	0.07693734734	5321679.727
1242	0.07690628485	5319487.083
1243	0.07684508944	5313833.501
1244	0.07674926664	5303140.91
1245	0.07673565542	5302740.643
1246	0.07672499234	5302137.853
1247	0.07670350272	5301670.316
1248	0.07666285945	5298812.191
1249	0.0766544234	5297708.511
1250	0.07660758846	5293646.92
1251	0.07659834019	5293115.309
1252	0.07656538742	5291695.041
1253	0.07653955682	5287747.023
1254	0.07648584604	5282104.722
1255	0.07646530412	5281675.908
1256	0.07645626319	5281410.299
1257	0.07644637854	5281316.458
1258	0.07641050738	5277566.72
1259	0.07634699326	5273997.721
1260	0.07632249451	5272066.223
1261	0.07631363154	5271789.184
1262	0.07629228387	5271422.748
1263	0.07623790242	5270024.05
1264	0.07617401195	5265072.158
1265	0.07616392739	5264925.194
1266	0.07612715479	5263536.353
1267	0.07609196052	5260617.363
1268	0.07608232737	5260117.551
1269	0.07607462485	5259886.665
1270	0.07601631829	5258440.85
1271	0.07600172135	5257996.18
1272	0.07597208967	5256878.283
1273	0.07596367387	5256584.955
1274	0.07595950173	5256399.343
1275	0.07591859605	5254046.371
1276	0.0759097862	5252806.902
1277	0.07590584879	5252638.421
1278	0.07587977762	5251246.357
1279	0.07587094121	5250972.953
1280	0.07582394084	5248674.853
1281	0.0758174602	5248448.633
1282	0.07581084209	5248287.124
1283	0.0757937173	5247437.909
1284	0.0757613601	5245627.818
1285	0.07574855643	5242977.601
1286	0.07574374524	5242875.291
1287	0.0757389922	5242714.207
1288	0.07571610054	5240915.386
1289	0.07568812321	5239066.887
1290	0.07568359583	5238797.935
1291	0.07567947668	5238660.487
1292	0.07567191366	5238413.427
1293	0.07566204268	5238352.889
1294	0.07565259995	5238230.284
1295	0.07564512406	5236813.132
1296	0.07558494802	5232798.693
1297	0.07556007781	5231405.985
1298	0.07555357538	5231234.785
1299	0.07553762585	5230803.601
1300	0.07552044303	5230350.806
1301	0.07549524871	5229323.419
1302	0.07543886473	5220484.711
1303	0.07541428549	5219303.576
1304	0.07541251428	5219239.181
1305	0.07540980462	5219219.305
1306	0.07538470622	5218321.364
1307	0.07538092783	5218286.9
1308	0.07536713042	5217687.223
1309	0.07536020809	5217579.268
1310	0.07529856062	5214695.999
1311	0.07528961075	5214596.932
1312	0.07527524107	5214330.754
1313	0.07526026172	5213914.039
1314	0.07524859556	5213433.214
1315	0.07524337041	5213394.153
1316	0.07524009702	5213287.997
1317	0.0751852517	5209881.225
1318	0.07516893163	5209570.573
1319	0.07513772122	5208974.218
1320	0.07510294702	5208253.074
1321	0.07507354533	5207997.463
1322	0.07506915303	5207930.984
1323	0.07506794924	5207914.049
1324	0.07505527139	5207403.562
1325	0.07504068072	5207003.322
1326	0.07503550566	5206945.774
1327	0.07502742948	5206800.763
1328	0.07501765279	5206624.802
1329	0.07501466295	5206571.418
1330	0.07498580323	5204850.663
1331	0.07495831552	5204169.416
1332	0.07495192369	5203904.874
1333	0.07494327821	5203407.264
1334	0.07493566598	5203300.868
1335	0.07492111511	5202776.116
1336	0.07490737075	5202057.478
1337	0.07487623533	5200588.331
1338	0.0748597561	5199636.481
1339	0.07484636706	5196684.748
1340	0.07484125879	5196600.811
1341	0.0748307537	5196359.555
1342	0.07482209334	5196267.409
1343	0.07481223695	5195862.992
1344	0.07480054838	5194869.256
1345	0.0747910336	5194276.798
1346	0.0747809286	5193862.424
1347	0.07476994595	5192434.353
1348	0.07471901974	5190728.542
1349	0.07471260801	5190396.08
1350	0.0747088843	5190315.351
1351	0.07470128711	5189999.091
1352	0.07468451198	5189456.004
1353	0.07465924826	5188790.608
1354	0.07462145812	5187075.302
1355	0.07458337282	5182114.969
1356	0.07455443173	5176970.634
1357	0.0745239049	5173685.184
1358	0.07448748925	5168033.213
1359	0.07446274918	5167601.663
1360	0.07442982138	5166818.568
1361	0.07441268344	5166608.93
1362	0.07440435466	5165947.509
1363	0.07436063851	5163837.912
1364	0.07430104077	5155480.13
1365	0.07427490969	5154825.641
1366	0.07426004444	5153011.17
1367	0.07421946673	5150985.882
1368	0.07421581579	5150440.453
1369	0.07419324723	5149505.064
1370	0.07416875931	5148682.458
1371	0.07412706809	5145964.503
1372	0.07412043697	5143225.065
1373	0.07411522523	5143082.788
1374	0.07408703715	5140541.138
1375	0.07405611455	5138400.445
1376	0.07404677313	5138235.033
1377	0.07403080991	5137869.014
1378	0.0740166766	5137484.889
1379	0.07398784627	5135656.301
1380	0.07396073828	5134536.127
1381	0.07395234613	5134381.563
1382	0.07389866132	5124228.037
1383	0.07387638171	5122745.171
1384	0.07385796983	5122259.748
1385	0.073799904	5119787.055
1386	0.07379713749	5119729.777
1387	0.0737862661	5119453.962
1388	0.07378187467	5119335.945
1389	0.073756482	5118777.827
1390	0.07374593859	5118594.596
1391	0.07373634651	5118485.43
1392	0.07373065569	5118390.88
1393	0.07371222312	5116542.392
1394	0.07370384106	5116245.828
1395	0.07367839754	5115658.026
1396	0.07366446397	5115385.961
1397	0.0736601903	5115297.957
1398	0.07364995582	5113513.561
1399	0.07361069953	5112058.63
1400	0.0735951893	5111623.032
1401	0.07356464924	5110859.586
1402	0.07355303879	5109305.965
1403	0.07352833916	5108712.066
1404	0.07349113854	5108033.506
1405	0.07347527039	5107684.174
1406	0.07346370145	5106590.77
1407	0.0734512057	5106246.3
1408	0.07344331346	5106067.484
1409	0.07342266732	5105604.288
1410	0.07340838995	5105215.893
1411	0.0733968866	5103888.355
1412	0.07338381791	5103542.398
1413	0.07334545194	5100137.134
1414	0.07332251486	5099370.024
1415	0.07328964842	5098834.754
1416	0.07327135257	5098407.903
1417	0.07324546191	5097179.1
1418	0.07323041296	5096760.75
1419	0.07321727978	5096277.983
1420	0.07320137622	5095873.259
1421	0.0731791012	5095229.896
1422	0.07315834676	5094539.195
1423	0.07313454302	5093957.003
1424	0.07310980777	5093250.259
1425	0.07309976678	5093058.3
1426	0.07308457211	5092658.432
1427	0.07305730862	5091914.957
1428	0.0730393925	5090304.73
1429	0.07301235573	5088303.988
1430	0.07299283221	5087672.089
1431	0.07298120159	5087299.68
1432	0.07295850907	5086240.06
1433	0.07294908812	5084182.838
1434	0.07293379229	5081470.985
1435	0.07293108528	5081341.71
1436	0.07291641668	5080892.825
1437	0.0729070025	5075955.811
1438	0.07288811618	5075372.949
1439	0.07287533959	5075095.905
1440	0.07285389109	5074559.233
1441	0.07284269069	5073872.222
1442	0.07284790229	5073031.1
1443	0.07279960845	5068968.794
1444	0.07277340573	5068233.809
1445	0.07272132425	5065258.043
1446	0.07268914688	5064300.846
1447	0.0726241514	5059477.798
1448	0.07260211105	5058650.123
1449	0.07257978086	5057944.195
1450	0.0725656717	5055183.569
1451	0.07255141345	5054903.969
1452	0.07251463471	5053437.779
1453	0.07247889945	5049463.452
1454	0.07243814426	5047502.677
1455	0.07241972475	5046497.272
1456	0.07240741304	5045697.941
1457	0.07237106906	5044121.547
1458	0.07227304793	5037958.401
1459	0.07226504441	5037385.08
1460	0.07225566593	5027891.062
1461	0.072218825	5026936.965
1462	0.07212868227	5017926.19
1463	0.0720879852	5014323.927
1464	0.07204891191	5011287.401
1465	0.07204207857	5011211.35
1466	0.07201907802	5010670.072
1467	0.07200649718	5009754.368
1468	0.07198947956	5008152.371
1469	0.0719835993	5007990.863
1470	0.07196963336	5007752.202
1471	0.07195068347	5007234.418
1472	0.07193498334	5005251.289
1473	0.07192428516	5004659.122
1474	0.07188724151	5003588.169
1475	0.07186270316	5002906.087
1476	0.0718523755	5001458.772
1477	0.07176203576	4991158.326
1478	0.07174880531	4990307.793
1479	0.07172406892	4988839.371
1480	0.07169824813	4988080.399
1481	0.07167871602	4987217.464
1482	0.07165665164	4986468.796
1483	0.07162858391	4983488.099
1484	0.0716184832	4982654.108
1485	0.07153846504	4975940.037
1486	0.07151771279	4974928.448
1487	0.07149491278	4974126.733
1488	0.07145537639	4968949.893
1489	0.07142643301	4967963.301
1490	0.07141468953	4967639.652
1491	0.071383025	4965006.128
1492	0.07136570548	4962418.285
1493	0.07132812063	4961076.48
1494	0.07132316965	4960986.785
1495	0.07128735813	4959899.265
1496	0.07125423694	4952846.586
1497	0.07125190939	4952706.628
1498	0.07124316845	4952349.915
1499	0.07123631668	4952211.821
